{
  "instances": [
    {
      "id": "6252",
      "tau1": 4.348282297,
      "tau2": 3.932069895,
      "tau3": 4.24333351,
      "tau4": 7.213924232,
      "p1": 3.925026138,
      "p2": -1.096750364,
      "p3": -1.080586212,
      "p4": -1.747689562,
      "g1": 0.124902737,
      "g2": 0.86646372,
      "g3": 0.135315907,
      "g4": 0.078401342
    }
  ]
}